<?xml version="1.0" encoding="UTF-8" ?>
<!DOCTYPE mapper
  PUBLIC "-//mybatis.org//DTD Mapper 3.0//EN"
  "https://mybatis.org/dtd/mybatis-3-mapper.dtd">

<mapper namespace="habitMapper">

	<resultMap id="habitResultMap" type="Habit">
        <id property="habitNo" column="HABIT_NO" />
        <result property="userNo" column="USER_NO" />
        <result property="title" column="TITLE" />
        <result property="startDate" column="START_DATE" />
        <result property="isChallenge" column="IS_CHALLENGE" />
        <result property="totalCheck" column="TOTAL_CHECK" />
        <result property="currentCheck" column="CURRENT_CHECK" />
        <result property="maxCheck" column="MAX_CHECK" />
        <result property="status" column="STATUS" />
        <result property="lastCheck" column="LAST_CHECK" />
    </resultMap>

    <!-- 전체 목록 조회 -->
    <select id="habitList" resultMap="habitResultMap">
        SELECT * FROM HABIT
    </select>

    <!-- 한 건 조회 (PK 기준) -->
    <select id="selectHabitByNo" parameterType="int" resultMap="habitResultMap">
        SELECT * FROM HABIT WHERE HABIT_NO = #{habitNo}
    </select>

    <!-- 삽입 -->
	<insert id="insertHabit" parameterType="Habit">
		INSERT INTO HABIT(            
			HABIT_NO, USER_NO, TITLE, START_DATE, IS_CHALLENGE,
            TOTAL_CHECK, CURRENT_CHECK, MAX_CHECK, STATUS, LAST_CHECK
        ) VALUES (
            HABIT_SEQ.NEXTVAL, #{userNo}, #{title}, #{startDate}, #{isChallenge},
            #{totalCheck}, #{currentCheck}, #{maxCheck}, #{status}, SYSDATE
        )
	</insert>
	
	

</mapper>
