<?xml version="1.0" encoding="UTF-8"?>
<!DOCTYPE mapper PUBLIC "-//mybatis.org//DTD Mapper 3.0//EN" "http://mybatis.org/dtd/mybatis-3-mapper.dtd">
<mapper namespace="meetingMapper">

    <!-- 모임 등록 -->
    <insert id="insertMeeting" parameterType="Meeting">
        <selectKey keyProperty="meetingNo" resultType="int" order="BEFORE">
            SELECT SEQ_MEETING_NO.NEXTVAL FROM DUAL
        </selectKey>
        INSERT INTO meetings (
            meeting_no, user_no, title, description, location, meeting_date
        ) VALUES (
            #{meetingNo}, #{userNo}, #{title}, #{description}, #{location}, #{meetingDate}
        )
    </insert>

    <!-- 모임 수정 -->
    <update id="updateMeeting" parameterType="Meeting">
        UPDATE meetings 
        SET title = #{title}, 
            description = #{description}, 
            location = #{location}, 
            meeting_date = #{meetingDate}
        WHERE meeting_no = #{meetingNo}
    </update>

    <!-- 모임 삭제 -->
    <delete id="deleteMeeting" parameterType="int">
        DELETE FROM meetings WHERE meeting_no = #{meetingNo}
    </delete>

    <!-- 모임 조회 (번호로) -->
    <select id="selectMeetingByNo" parameterType="int" resultType="Meeting">
        SELECT * FROM meetings WHERE meeting_no = #{meetingNo}
    </select>

    <!-- 사용자별 모임 조회 -->
    <select id="selectMeetingsByUser" parameterType="int" resultType="Meeting">
        SELECT * FROM meetings WHERE user_no = #{userNo} ORDER BY created_at DESC
    </select>

    <!-- 모든 모임 조회 -->
    <select id="selectAllMeetings" resultType="Meeting">
        SELECT * FROM meetings ORDER BY created_at DESC
    </select>

    <!-- 모임 참가 -->
    <insert id="insertMeetingPart" parameterType="MeetingPart">
        INSERT INTO meeting_part (meeting_no, user_no) 
        VALUES (#{meetingNo}, #{userNo})
    </insert>

    <!-- 모임 탈퇴 -->
    <delete id="deleteMeetingPart" parameterType="map">
        DELETE FROM meeting_part 
        WHERE meeting_no = #{meetingNo} AND user_no = #{userNo}
    </delete>

    <!-- 모임별 참가자 조회 -->
    <select id="selectMeetingPartsByMeetingNo" parameterType="int" resultType="MeetingPart">
        SELECT * FROM meeting_part WHERE meeting_no = #{meetingNo} ORDER BY joined_at
    </select>

    <!-- 사용자별 참가 모임 조회 -->
    <select id="selectMeetingPartsByUserNo" parameterType="int" resultType="MeetingPart">
        SELECT * FROM meeting_part WHERE user_no = #{userNo} ORDER BY joined_at DESC
    </select>

    <!-- 모임 참가자 수 조회 -->
    <select id="selectMeetingPartCount" parameterType="int" resultType="int">
        SELECT COUNT(*) FROM meeting_part WHERE meeting_no = #{meetingNo}
    </select>

    <!-- 특정 참가자 조회 -->
    <select id="selectMeetingPart" parameterType="map" resultType="MeetingPart">
        SELECT * FROM meeting_part 
        WHERE meeting_no = #{meetingNo} AND user_no = #{userNo}
    </select>

</mapper>