<?xml version="1.0" encoding="UTF-8"?>
<!DOCTYPE mapper 
PUBLIC "-//mybatis.org//DTD Mapper 3.0//EN" 
"http://mybatis.org/dtd/mybatis-3-mapper.dtd">

<mapper namespace="userMapper">

    <!-- 로그인 기능 -->
    <select id="loginUser" parameterType="User" resultType="User">
        SELECT 
            USER_NO as userNo,
            USER_ID as userId,
            NAME as name,
            NICK as nick,
            PASSWORD as password,
            EMAIL as email,
            ROLE as role,
            CREATED_AT as createdAt
        FROM USERS
        WHERE USER_ID = #{userId}
        AND STATUS = 'Y'
    </select>

    <!-- 회원가입 기능 -->
    <insert id="insertUser" parameterType="User">
        INSERT INTO USERS (
            USER_NO,
            USER_ID,
            NAME,
            NICK,
            PASSWORD,
            EMAIL,
            ROLE,
            CREATED_AT,
            STATUS
        ) VALUES (
            SEQ_USER_NO.NEXTVAL,
            #{userId},
            #{name},
            #{nick},
            #{password},
            #{email},
            #{role},
            SYSDATE,
            'Y'
        )
    </insert>

    <!-- 정보수정 기능 -->
    <update id="updateUser" parameterType="User">
        UPDATE USERS 
        SET NAME = #{name},
            NICK = #{nick},
            EMAIL = #{email}
        WHERE USER_ID = #{userId}
        AND STATUS = 'Y'
    </update>

    <!-- 회원 탈퇴 기능 -->
    <update id="deleteUser" parameterType="User">
        UPDATE USERS 
        SET STATUS = 'N'
        WHERE USER_ID = #{userId}
    </update>

    <!-- 아이디 중복확인 -->
    <select id="checkUserId" parameterType="String" resultType="int">
        SELECT COUNT(*)
        FROM USERS
        WHERE USER_ID = #{userId}
        AND STATUS = 'Y' 
    </select>

</mapper>