<?xml version="1.0" encoding="UTF-8" ?>
<!DOCTYPE mapper
  PUBLIC "-//mybatis.org//DTD Mapper 3.0//EN"
  "https://mybatis.org/dtd/mybatis-3-mapper.dtd">

<mapper namespace="habitMapper">

	<resultMap id="habitResultMap" type="Habit">
        <id property="habitNo" column="HABIT_NO" />
        <result property="userNo" column="USER_NO" />
        <result property="title" column="TITLE" />
        <result property="startDate" column="START_DATE" />
        <result property="isChallenge" column="IS_CHALLENGE" />
        <result property="totalCheck" column="TOTAL_CHECK" />
        <result property="currentCheck" column="CURRENT_CHECK" />
        <result property="maxCheck" column="MAX_CHECK" />
        <result property="status" column="STATUS" />
        <result property="lastCheck" column="LAST_CHECK" />
    </resultMap>
    
    <!-- habitRepeat-resultMap.xml -->
	<resultMap id="HabitRepeatResultMap" type="HabitRepeat">
	    <id property="repeatNo" column="repeat_no" />
	    <result property="habitNo" column="habit_no" />
	    <result property="repeatType" column="repeat_type" />
	    <result property="interval" column="interval" />
	    
	    <result property="weekDays" column="week_days" />
	    <result property="nthWeek" column="nth_week" />
	    
	    <result property="dayOfMonth" column="day_of_month" />
	    
	    <result property="yearlyMonth" column="yearly_month" />
	    <result property="yearlyDay" column="yearly_day" />
	    
	    <result property="yearlyNthWeek" column="yearly_nth_week" />
	    <result property="yearlyDayOfWeek" column="yearly_day_of_week" />
	    
	    <result property="repeatTime" column="repeat_time" javaType="java.time.LocalTime" jdbcType="TIME"/>
	    <result property="allDay" column="all_day" jdbcType="BOOLEAN"/>
	</resultMap>


    <!-- 전체 목록 조회 -->
    <select id="habitList" resultMap="habitResultMap">
        SELECT * FROM HABIT
        ORDER BY HABIT_NO
    </select>

    <!-- 한 건 조회 (PK 기준) -->
    <select id="selectHabitByNo" parameterType="int" resultMap="habitResultMap">
        SELECT * FROM HABIT WHERE HABIT_NO = #{habitNo}
    </select>

    <!-- 삽입 -->
	<insert id="insertHabit" parameterType="Habit">
	<selectKey resultType="int" keyProperty="habitNo" order="BEFORE">
    SELECT HABIT_SEQ.NEXTVAL FROM DUAL
  </selectKey>
		INSERT INTO HABIT(
		HABIT_NO, USER_NO, TITLE, START_DATE, IS_CHALLENGE,
		TOTAL_CHECK, CURRENT_CHECK, MAX_CHECK, STATUS, LAST_CHECK
		) VALUES (
		#{habitNo}, #{userNo}, #{title}, #{startDate}, #{isChallenge},
		#{totalCheck}, #{currentCheck}, #{maxCheck}, 'Y', SYSDATE
		)
	</insert>
	
	<insert id="insertHabitRepeat" parameterType="HabitRepeat">
    INSERT INTO HABIT_REPEAT (
        repeat_no,
        habit_no,
        repeat_type,
        interval,
        week_days,
        nth_week,
        day_of_month,
        yearly_month,
        yearly_day,
        yearly_nth_week,
        yearly_day_of_week,
        repeat_time,
        all_day
    ) VALUES (
        REPEAT_SEQ.NEXTVAL,
        #{habitNo},
        #{repeatType},
        #{interval},
        #{weekDays},
        #{nthWeek},
        #{dayOfMonth},
        #{yearlyMonth},
        #{yearlyDay},
        #{yearlyNthWeek},
        #{yearlyDayOfWeek},
        #{repeatTimeStr},
        #{allDay}
    )
</insert>

	<!-- 1. 사용자 습관 리스트 -->
    <select id="selectHabitsByUser" resultType="com.kh.spring.habit.model.vo.Habit">
        SELECT * FROM HABIT
        WHERE USER_NO = #{userNo}
    </select>
    
    
    
    
    
    
    
    <select id="selectById" parameterType="_int" resultType="Habit">
        SELECT * FROM HABIT WHERE HABIT_NO = #{habitNo}
    </select>

    <update id="updateHabit" parameterType="Habit">
        UPDATE HABIT
        SET TITLE = #{title},
            GOAL_NO = #{goalNo},
            UPDATED_AT = SYSDATE
        WHERE HABIT_NO = #{habitNo}
    </update>

    <delete id="deleteStreakRewardsByHabitNo" parameterType="_int">
	    DELETE FROM STREAK_REWARD
	    WHERE HABIT_NO = #{habitNo}
	</delete>
	
	<delete id="deleteHabitChecks" parameterType="_int">
	    DELETE FROM HABIT_CHECK
	    WHERE HABIT_NO = #{habitNo}
	</delete>
	
	<delete id="deleteHabitRepeats" parameterType="_int">
	    DELETE FROM HABIT_REPEAT
	    WHERE HABIT_NO = #{habitNo}
	</delete>
    
    
    <delete id="deleteHabit" parameterType="_int">
        DELETE FROM HABIT 
        WHERE HABIT_NO = #{habitNo}
    </delete>
    

	
	

</mapper>
